{"count":1,"self":29332.039270399997,"total":38110.684336,"children":{"InitializeActuators":{"count":50,"self":0.0053029999999999996,"total":0.0053029999999999996,"children":null},"InitializeSensors":{"count":50,"self":0.002162,"total":0.002162,"children":null},"AgentSendState":{"count":13787785,"self":82.4846336,"total":359.314931,"children":{"CollectObservations":{"count":5496294,"self":122.86986239999999,"total":122.86985999999999,"children":null},"WriteActionMask":{"count":5496294,"self":6.3815808,"total":6.381581,"children":null},"RequestDecision":{"count":5496294,"self":18.963312,"total":147.578854,"children":{"RayPerceptionSensor.Perceive":{"count":11207,"self":0.016645,"total":0.016645,"children":null},"AgentInfo.ToProto":{"count":5485632,"self":16.0643296,"total":128.598897,"children":{"GenerateSensorData":{"count":5485632,"self":107.70435839999999,"total":112.534567,"children":{"RayPerceptionSensor.Perceive":{"count":5485632,"self":4.830208,"total":4.830208,"children":null}}}}}}}}},"DecideAction":{"count":13787785,"self":7559.2425471999995,"total":7559.2426579999992,"children":null},"AgentAct":{"count":13787785,"self":859.16825599999993,"total":859.184724,"children":{"RayPerceptionSensor.Perceive":{"count":6,"self":1.6E-05,"total":1.6E-05,"children":null},"AgentInfo.ToProto":{"count":412,"self":0.003371,"total":0.016423,"children":{"GenerateSensorData":{"count":412,"self":0.011899,"total":0.013052,"children":{"RayPerceptionSensor.Perceive":{"count":412,"self":0.001153,"total":0.001153,"children":null}}}}}}},"RayPerceptionSensor.Perceive":{"count":2,"self":1.4E-05,"total":1.4E-05,"children":null},"AgentInfo.ToProto":{"count":21272,"self":0.191828,"total":0.893782,"children":{"GenerateSensorData":{"count":21272,"self":0.644955,"total":0.701954,"children":{"RayPerceptionSensor.Perceive":{"count":21272,"self":0.056998999999999994,"total":0.056998999999999994,"children":null}}}}}},"gauges":{"DefensiveFencerBehavior.CumulativeReward":{"count":9992,"max":1.47348046,"min":-1.230392,"runningAverage":0.108267672,"value":-0.9075981,"weightedAverage":-0.199043557},"OffensiveFencerBehavior.CumulativeReward":{"count":11700,"max":0.99775,"min":-1.46869576,"runningAverage":-0.0888835639,"value":0.907414436,"weightedAverage":0.251854837}},"metadata":{"timer_format_version":"0.1.0","start_time_seconds":"1647983793","unity_version":"2021.2.7f1","command_line_arguments":"\/Applications\/Unity\/Hub\/Editor\/2021.2.7f1\/Unity.app\/Contents\/MacOS\/Unity -projectpath \/Users\/qloh\/Projects\/Fencing VR Redo -useHub -hubIPC -cloudEnvironment production -licensingIpc LicenseClient-qloh -hubSessionId c6add000-a635-11ec-b0b4-fbf6c1f9913d -accessToken OgdDyBkbvZOD12H3mXO6OQTnvHAYU6axn8sd-ewfYRo011f","communication_protocol_version":"1.5.0","com.unity.ml-agents_version":"2.0.1","scene_name":"Action Space Scene","end_time_seconds":"1648021903"}}