{"count":1,"self":2724.4404735999997,"total":5397.356427,"children":{"InitializeActuators":{"count":12,"self":0.0038799999999999998,"total":0.0038799999999999998,"children":null},"InitializeSensors":{"count":12,"self":0.000646,"total":0.000646,"children":null},"AgentSendState":{"count":2813667,"self":11.321992,"total":566.91654299999993,"children":{"CollectObservations":{"count":2167822,"self":501.3235712,"total":501.323578,"children":null},"WriteActionMask":{"count":2167822,"self":2.6493569999999997,"total":2.6493569999999997,"children":null},"RequestDecision":{"count":2167822,"self":5.89073,"total":51.621615999999996,"children":{"AgentInfo.ToProto":{"count":2167822,"self":5.416884,"total":45.730886,"children":{"GenerateSensorData":{"count":2167822,"self":40.314003199999995,"total":40.314001999999995,"children":null}}}}}}},"DecideAction":{"count":2813667,"self":1966.9102592,"total":1966.91034,"children":null},"AgentAct":{"count":2813667,"self":139.0713984,"total":139.07804299999998,"children":{"AgentInfo.ToProto":{"count":258,"self":0.0011899999999999999,"total":0.0066479999999999994,"children":{"GenerateSensorData":{"count":258,"self":0.005458,"total":0.005458,"children":null}}}}},"AgentInfo.ToProto":{"count":212,"self":0.001387,"total":0.006584,"children":{"GenerateSensorData":{"count":212,"self":0.0051969999999999994,"total":0.0051969999999999994,"children":null}}}},"gauges":{"FencerBehavior.CumulativeReward":{"count":470,"max":0.951499343,"min":-1.92615187,"runningAverage":-0.7571298,"value":-1.00051939,"weightedAverage":-0.8066878}},"metadata":{"timer_format_version":"0.1.0","start_time_seconds":"1647495936","unity_version":"2021.2.7f1","command_line_arguments":"\/Applications\/Unity\/Hub\/Editor\/2021.2.7f1\/Unity.app\/Contents\/MacOS\/Unity -projectpath \/Users\/qloh\/Projects\/Fencing VR Redo -useHub -hubIPC -cloudEnvironment production -licensingIpc LicenseClient-qloh -hubSessionId 92501fe0-a47b-11ec-9714-393ba13c4cd5 -accessToken 7Xk2t_SJsuyGNQ--Qgr6Pq6vkBRilgEoVz6GWbY0G0M011f","communication_protocol_version":"1.5.0","com.unity.ml-agents_version":"2.0.1","scene_name":"Action Space Scene","end_time_seconds":"1647501333"}}