{"count":1,"self":2679.0713344,"total":11651.306128,"children":{"InitializeActuators":{"count":36,"self":0.008483,"total":0.008483,"children":null},"InitializeSensors":{"count":36,"self":0.010954,"total":0.010954,"children":null},"AgentSendState":{"count":669418,"self":1888.4671488,"total":2310.707799,"children":{"CollectObservations":{"count":12049524,"self":30.106521599999997,"total":30.106522,"children":null},"WriteActionMask":{"count":12049524,"self":19.8993824,"total":19.899382,"children":null},"RequestDecision":{"count":12049524,"self":35.1745024,"total":372.234688,"children":{"AgentInfo.ToProto":{"count":12049524,"self":30.956111999999997,"total":337.060187,"children":{"GenerateSensorData":{"count":12049524,"self":243.859456,"total":306.10407499999997,"children":{"RayPerceptionSensor.Perceive":{"count":60247620,"self":62.244614399999996,"total":62.244612999999994,"children":null}}}}}}}}},"DecideAction":{"count":669418,"self":6460.4327936,"total":6460.432919,"children":null},"AgentAct":{"count":669418,"self":200.9002368,"total":200.900232,"children":null},"AgentInfo.ToProto":{"count":3846,"self":0.055047,"total":0.174423,"children":{"GenerateSensorData":{"count":3846,"self":0.090699,"total":0.119376,"children":{"RayPerceptionSensor.Perceive":{"count":19230,"self":0.028676999999999998,"total":0.028676999999999998,"children":null}}}}}},"gauges":{"FencerBehavior.CumulativeReward":{"count":3846,"max":77.74882,"min":-10.1200008,"runningAverage":6.305826,"value":-0.4900002,"weightedAverage":4.414521}},"metadata":{"timer_format_version":"0.1.0","start_time_seconds":"1641901696","unity_version":"2021.2.7f1","command_line_arguments":"\/Applications\/Unity\/Hub\/Editor\/2021.2.7f1\/Unity.app\/Contents\/MacOS\/Unity -projectpath \/Users\/qloh\/Projects\/Fencing VR Redo -useHub -hubIPC -cloudEnvironment production -hubSessionId 424e8370-6a37-11ec-9d83-3fd16012e888 -accessToken f2AyPG8XaYDZKnivs5D3KUeSxKVqcTwRfVvl6DHmxoI011f","communication_protocol_version":"1.5.0","com.unity.ml-agents_version":"2.0.1","scene_name":"SampleScene","end_time_seconds":"1641913348"}}