{"count":1,"self":8982.2683136,"total":18707.280107,"children":{"InitializeActuators":{"count":132,"self":0.017617,"total":0.017617,"children":null},"InitializeSensors":{"count":132,"self":0.030820999999999998,"total":0.030820999999999998,"children":null},"AgentSendState":{"count":1118927,"self":1827.0089216,"total":2207.417473,"children":{"CollectObservations":{"count":10135233,"self":38.1822304,"total":38.182231,"children":null},"WriteActionMask":{"count":10135233,"self":11.6698648,"total":11.669865,"children":null},"RequestDecision":{"count":10135233,"self":38.1609216,"total":330.556447,"children":{"AgentInfo.ToProto":{"count":9816510,"self":27.226988799999997,"total":292.209998,"children":{"GenerateSensorData":{"count":9816510,"self":204.7082112,"total":264.98301,"children":{"RayPerceptionSensor.Perceive":{"count":49082550,"self":60.2747968,"total":60.274798,"children":null}}}}},"RayPerceptionSensor.Perceive":{"count":271440,"self":0.185529,"total":0.185529,"children":null}}}}},"DecideAction":{"count":1118927,"self":7389.9573248,"total":7391.629252,"children":{"RayPerceptionSensor.Perceive":{"count":1322175,"self":1.6715689999999999,"total":1.6715689999999999,"children":null}}},"AgentAct":{"count":1118927,"self":125.76928,"total":125.76928099999999,"children":null},"AgentInfo.ToProto":{"count":2998,"self":0.029280999999999998,"total":0.147235,"children":{"GenerateSensorData":{"count":2998,"self":0.087324,"total":0.11795399999999999,"children":{"RayPerceptionSensor.Perceive":{"count":14990,"self":0.030629999999999998,"total":0.030629999999999998,"children":null}}}}}},"gauges":{"FencerBehavior.CumulativeReward":{"count":3020,"max":14.9589415,"min":-3,"runningAverage":1.11134076,"value":1.69840229,"weightedAverage":2.19134378}},"metadata":{"timer_format_version":"0.1.0","start_time_seconds":"1642743109","unity_version":"2021.2.7f1","command_line_arguments":"\/Applications\/Unity\/Hub\/Editor\/2021.2.7f1\/Unity.app\/Contents\/MacOS\/Unity -projectpath \/Users\/qloh\/Projects\/Fencing VR Redo -useHub -hubIPC -cloudEnvironment production -hubSessionId 7700de00-741a-11ec-b913-35c91550383a -accessToken JLYg_x-wJRoopY_6vRJM5iNBDXNsTJo_LLPkDvPkypE011f","communication_protocol_version":"1.5.0","com.unity.ml-agents_version":"2.0.1","scene_name":"Training Scene","end_time_seconds":"1642761816"}}