{"count":1,"self":10962.185420799999,"total":19734.709558,"children":{"InitializeActuators":{"count":40,"self":0.006169,"total":0.006169,"children":null},"InitializeSensors":{"count":40,"self":0.008631,"total":0.008631,"children":null},"AgentSendState":{"count":960802,"self":1809.66912,"total":2161.7573119999997,"children":{"CollectObservations":{"count":10154614,"self":36.041964799999995,"total":36.041965,"children":null},"WriteActionMask":{"count":10154614,"self":10.254432,"total":10.254432,"children":null},"RequestDecision":{"count":10154614,"self":37.0037856,"total":305.791851,"children":{"AgentInfo.ToProto":{"count":9879612,"self":25.721750399999998,"total":268.78806499999996,"children":{"GenerateSensorData":{"count":9879612,"self":185.8678272,"total":243.06631399999998,"children":{"RayPerceptionSensor.Perceive":{"count":49398060,"self":57.198489599999995,"total":57.19849,"children":null}}}}}}}}},"DecideAction":{"count":960802,"self":6459.3928191999994,"total":6460.957898,"children":{"RayPerceptionSensor.Perceive":{"count":1375010,"self":1.5649359999999999,"total":1.5649359999999999,"children":null}}},"AgentAct":{"count":960802,"self":149.6957056,"total":149.735855,"children":{"AgentInfo.ToProto":{"count":938,"self":0.0034809999999999997,"total":0.040145,"children":{"GenerateSensorData":{"count":938,"self":0.029984999999999998,"total":0.036663999999999995,"children":{"RayPerceptionSensor.Perceive":{"count":4690,"self":0.006679,"total":0.006679,"children":null}}}}}}},"AgentInfo.ToProto":{"count":1418,"self":0.008931999999999999,"total":0.058621,"children":{"GenerateSensorData":{"count":1418,"self":0.035841,"total":0.049689,"children":{"RayPerceptionSensor.Perceive":{"count":7090,"self":0.013848,"total":0.013848,"children":null}}}}}},"gauges":{"FencerBehavior.CumulativeReward":{"count":2416,"max":4.16066647,"min":-6.38004255,"runningAverage":-0.6925599,"value":-0.999948561,"weightedAverage":-0.716812968}},"metadata":{"timer_format_version":"0.1.0","start_time_seconds":"1642977412","unity_version":"2021.2.7f1","command_line_arguments":"\/Applications\/Unity\/Hub\/Editor\/2021.2.7f1\/Unity.app\/Contents\/MacOS\/Unity -projectpath \/Users\/qloh\/Projects\/Fencing VR Redo -useHub -hubIPC -cloudEnvironment production -hubSessionId 7700de00-741a-11ec-b913-35c91550383a -accessToken yVxNmQjMjMvmO4YnLLAmlnO441ejYxQJ3grkqx9hpMQ011f","communication_protocol_version":"1.5.0","com.unity.ml-agents_version":"2.0.1","scene_name":"Training Scene","end_time_seconds":"1642997147"}}