{"count":1,"self":88.3032704,"total":89.483718,"children":{"InitializeActuators":{"count":4,"self":0.0039099999999999994,"total":0.0039099999999999994,"children":null},"InitializeSensors":{"count":4,"self":0.011406999999999999,"total":0.011406999999999999,"children":null},"AgentSendState":{"count":3003,"self":0.95139999999999991,"total":1.09314,"children":{"CollectObservations":{"count":3003,"self":0.021124999999999998,"total":0.021124999999999998,"children":null},"WriteActionMask":{"count":3003,"self":0.011177999999999999,"total":0.011177999999999999,"children":null},"RequestDecision":{"count":3003,"self":0.073775,"total":0.10943699999999999,"children":{"RayPerceptionSensor.Perceive":{"count":21021,"self":0.035662,"total":0.035662,"children":null}}}}},"DecideAction":{"count":3003,"self":0.045093999999999995,"total":0.045093999999999995,"children":null},"AgentAct":{"count":3003,"self":0.026861,"total":0.026861,"children":null},"RayPerceptionSensor.Perceive":{"count":14,"self":2.8E-05,"total":2.8E-05,"children":null}},"gauges":{"FencerBehavior.CumulativeReward":{"count":2,"max":0.7941977,"min":0.7609971,"runningAverage":0.7775974,"value":0.7609971,"weightedAverage":0.785897553}},"metadata":{"timer_format_version":"0.1.0","start_time_seconds":"1642585627","unity_version":"2021.2.7f1","command_line_arguments":"\/Applications\/Unity\/Hub\/Editor\/2021.2.7f1\/Unity.app\/Contents\/MacOS\/Unity -projectpath \/Users\/qloh\/Projects\/Fencing VR Redo -useHub -hubIPC -cloudEnvironment production -hubSessionId 7700de00-741a-11ec-b913-35c91550383a -accessToken JLYg_x-wJRoopY_6vRJM5iNBDXNsTJo_LLPkDvPkypE011f","communication_protocol_version":"1.5.0","com.unity.ml-agents_version":"2.0.1","scene_name":"Training Scene","end_time_seconds":"1642585716"}}